GO_SSN,Gender,Gmail,Password,First_Name,Last_Name
12345678901,Male,johndoe@gmail.com,password123,John,Doe
23456789012,Female,janedoe@gmail.com,password456,Jane,Doe
34567890123,Male,smith@example.com,password789,Michael,Smith
45678901234,Female,jillsmith@example.com,passwordabc,Jill,Smith
56789012345,Male,johndoe2@gmail.com,passworddef,John,Doe
67890123456,Female,emilysmith@example.com,passwordghi,Emily,Smith
78901234567,Male,adamjones@example.com,passwordjkl,Adam,Jones
89012345678,Female,sarahjones@example.com,passwordmno,Sarah,Jones
90123456789,Male,ryanbrown@example.com,passwordpqr,Ryan,Brown
01234567890,Female,lisabrown@example.com,passwordstu,Lisa,Brown
12345678901,Male,chriswilson@example.com,passwordvwx,Chris,Wilson
23456789012,Female,lisawilson@example.com,passwordyz,Lisa,Wilson
34567890123,Male,michaelsmith2@example.com,password123,Michael,Smith
45678901234,Female,amandasmith@example.com,password456,Amanda,Smith
56789012345,Male,markmiller@example.com,password789,Mark,Miller
67890123456,Female,emilymiller@example.com,passwordabc,Emily,Miller
78901234567,Male,adamjones2@example.com,passworddef,Adam,Jones
89012345678,Female,sarahjones2@example.com,passwordghi,Sarah,Jones
90123456789,Male,ryanbrown2@example.com,passwordjkl,Ryan,Brown
01234567890,Female,lisabrown2@example.com,passwordmno,Lisa,Brown
12345678901,Male,chriswilson2@example.com,passwordpqr,Chris,Wilson
23456789012,Female,lisawilson2@example.com,passwordstu,Lisa,Wilson
34567890123,Male,michaelsmith3@example.com,passwordvwx,Michael,Smith
45678901234,Female,amandasmith2@example.com,passwordyz,Amanda,Smith
56789012345,Male,markmiller2@example.com,password123,Mark,Miller
67890123456,Female,emilymiller2@example.com,password456,Emily,Miller
78901234567,Male,adamjones3@example.com,password789,Adam,Jones
89012345678,Female,sarahjones3@example.com,passwordabc,Sarah,Jones
90123456789,Male,ryanbrown3@example.com,passworddef,Ryan,Brown
